–§–æ—Ä–º–∞—Ç,–í—Ä–µ–º—è –∑–∞–≥—Ä—É–∑–∫–∏,–ò—Å—Ç–æ—á–Ω–∏–∫,URL,–ù–∞–∑–≤–∞–Ω–∏–µ,–¢–µ–≥–∏,–ü—É—Ç—å –∫ —Ñ–∞–π–ª—É,–ü–ª–µ–π–ª–∏—Å—Ç,–ó–∞–≥—Ä—É–∑–∏–ª,–ê–≤—Ç–æ—É–¥–∞–ª–µ–Ω–∏–µ,–ü—Ä–æ–∫—Å–∏,–ó–∞–º–µ—Ç–∫–∏
mp4,2025-08-06 14:12:20,TikTok,https://www.tiktok.com/@kingrygarcia/video/7534527203036466454?is_from_webapp=1&sender_device=pc&web_id=7527265230251165206,Aura farming again - love island version With @BELLE-A üèùÔ∏èüèùÔ∏è,–ù–µ—Ç —Ç–µ–≥–æ–≤,D:\Projects\video_downloader\Downloads\Aura farming again - love island version With @BELLE-A üèùÔ∏èüèùÔ∏è.mp4,,Andrey,,–ù–µ—Ç,The first video downloaded with the new version
mp4,2025-08-06 14:46:41,Twitter/X,https://x.com/elonmusk/status/1952636412106248525,Elon Musk - https://t.co/Xo1PkNFQvM,–ù–µ—Ç —Ç–µ–≥–æ–≤,D:\Projects\video_downloader\Downloads\Elon Musk - httpsÔºö‚ß∏‚ß∏t.co‚ß∏Xo1PkNFQvM.mp4,,Andrey,,–ù–µ—Ç,
mp4,2025-08-06 15:00:22,TikTok,https://www.tiktok.com/@kulakova_po/video/7527762909921938708?is_from_webapp=1&sender_device=pc&web_id=7527265230251165206,TikTok video #7527762909921938708,–ù–µ—Ç —Ç–µ–≥–æ–≤,D:\Projects\video_downloader\Downloads\TikTok video #7527762909921938708.mp4,,Andrey,,–ù–µ—Ç,
mp4,2025-08-06 17:00:10,YouTube,https://www.youtube.com/watch?v=2ggByo2_QGg&list=RD2ggByo2_QGg&start_radio=1,–ê–ª—å–∫–∞—Å–∞—Ä - –¢—É–º–∞–Ω (–æ—Ñ–∏—Ü–∏–∞–ª—å–Ω—ã–π –≤–∏–¥–µ–æ–∫–ª–∏–ø) 2022,"–°–µ–∫—Ç–æ—Ä –ì–∞–∑–∞, —Å–µ–∫—Ç–æ—Ä, –≥–∞–∑–∞, —Ç—É–º–∞–Ω, –ê–ª—å–∫–∞—Å–∞—Ä, –∫–ª–∏–ø, –≤–∏–¥–µ–æ, –º—É–∑—ã–∫–∞–ª—å–Ω—ã–µ, –º—É–∑—ã–∫–∞–ª—å–Ω–æ–µ, music video, Heavymetal, Symphometal, Powermetal, –æ—Ñ–∏—Ü–∏–∞–ª—å–Ω–æ–µ, –ø–æ–¥–∑–µ–º–∫–∞, —Ö–æ–π, –ö–ª–∏–Ω—Å–∫–∏—Ö, –Æ—Ä–∏–π, –≤–∏–¥–µ–æ–∫–ª–∏–ø",D:\Projects\video_downloader\Downloads\–ê–ª—å–∫–∞—Å–∞—Ä - –¢—É–º–∞–Ω (–æ—Ñ–∏—Ü–∏–∞–ª—å–Ω—ã–π –≤–∏–¥–µ–æ–∫–ª–∏–ø) 2022.mp4,,Andrey,,–ù–µ—Ç,
mp3,2025-08-06 17:23:00,YouTube,https://music.youtube.com/watch?v=-3RCdVkU0aI&si=35zMQJD3vcQh-NCU,–ó–≤—ë–∑–¥—ã –Ω–∞—Å –∂–¥—É—Ç,"–ú–∏—Ä–∞–∂, –ó–≤—ë–∑–¥—ã –Ω–∞—Å –∂–¥—É—Ç",D:\Projects\video_downloader\Downloads\–ó–≤—ë–∑–¥—ã –Ω–∞—Å –∂–¥—É—Ç.mp3,,Andrey,,–ù–µ—Ç,
mp3,2025-08-06 17:50:01,YouTube,https://music.youtube.com/watch?v=c9vBCl0nRU0&si=P-ngO09Ky48T2NTV,Tuman,"Sektor Gaza, –°–µ–∫—Ç–æ—Ä –ì–∞–∑–∞, Tuman",D:\Projects\video_downloader\Downloads\Tuman.mp3,,Andrey,,–ù–µ—Ç,
mp3,2025-08-06 17:56:06,YouTube,https://music.youtube.com/watch?v=ewvX2Fmz6yw&si=LYuuovuiCkyPV3F1,–°–µ–∫—Ç–æ—Ä –ì–∞–∑–∞   –ß–∞—Å—Ç—É—à–∫–∏,"–Æ—Ä–∏–π –•–æ–π, –°–µ–∫—Ç–æ—Ä –ì–∞–∑–∞",D:\Projects\video_downloader\Downloads\–°–µ–∫—Ç–æ—Ä –ì–∞–∑–∞   –ß–∞—Å—Ç—É—à–∫–∏.mp3,,Andrey,,–ù–µ—Ç,
mp4,2025-08-06 18:05:11,YouTube,https://music.youtube.com/watch?v=UPuJ8lXi8PQ&si=H0OTVURS8qXBwiQm,–ò–≥–æ—Ä—ë–∫ - –ü–æ–¥–æ–∂–¥—ë–º,"–∏–≥–æ—Ä—ë–∫, –∏–≥–æ—Ä–µ–∫, –ø–æ–¥–æ–∂–¥—ë–º, –ø–æ–¥–æ–∂–¥–µ–º –º–æ—é –º–∞–º—É, –ø–æ–¥–æ–∂–¥—ë–º —Ç–≤–æ—é –º–∞–º—Ç—å, –º–æ—è –º–∞–º–∞ –≤–∞—Ä–∏—Ç –∫–æ—Ñ–µ, —Ç–≤–æ—é –º–∞—Ç—å, –≥—Ä–∞–º–º–æ—Ñ–æ–Ω 2020, –∑–æ–ª–æ—Ç–æ–π –≥—Ä–∞–º–º–æ—Ñ–æ–Ω, –∫–ª–∏–ø—ã, –∏–≥–æ—Ä—ë–∫ –æ—Ñ–∏—Ü–∏–∞–ª—å–Ω—ã–π –∫–∞–Ω–∞–ª, –∏–≥–æ—Ä—ë–∫ —é—Ç—É–±, –∏–≥–æ—Ä–µ–∫ —Å–æ—Ä–æ–∫–∏–Ω, –∏–≥–æ—Ä—ë–∫ –∫–ª–∏–ø—ã —Å–∫–∞—á–∞—Ç—å –±–µ—Å–ø–ª–∞—Ç–Ω–æ, –∏–≥–æ—Ä—ë–∫ –ø–µ—Å–Ω–∏, –∏–≥–æ—Ä—ë–∫ —Å–∞–π—Ç, –ò–≥–æ—Ä—ë–∫ –≤ –í–ö, –ò–ì–û–†–Å–ö –•–ò–¢–´, —Ö–∏—Ç—ã 2020, –∫–æ–Ω—Ü–µ—Ä—Ç—ã, —Ä–æ—Å—Å–∏–π—Å–∫–∏–µ –∏—Å–ø–æ–ª–Ω–∏—Ç–µ–ª–∏, —Ö–∏—Ç—ã 90 —Ä—É—Å—Å–∫–∏–µ, —Ö–∏—Ç—ã 90-—Ö —Ä—É—Å—Å–∫–∏–µ, —é—Ç—É–±, –∏–≥–æ—Ä–µ–∫ —é—Ç—É–±",D:\Projects\video_downloader\Downloads\–ò–≥–æ—Ä—ë–∫ - –ü–æ–¥–æ–∂–¥—ë–º.mp4,,Andrey,,–ù–µ—Ç,
mp4,2025-08-14 16:06:49,YouTube,https://www.youtube.com/watch?v=ZbsiKjVAV28,Alien: Earth | Official Trailer | FX,"FX, Alien: Earth, Ridley Scott, Timothy David Olyphant, Alex Lawther, Samuel Blenkin, Essie Davis, Adarsh Gourav, Dan O'Bannon, Ronald Shusett, 1979 Prequel, 1979 Movie, Noah Hawley, Sci-Fi Horror, Sci-Fi Series, Alien: Romulus, alien series, alien show, alien prequel, Alien, new alien show, hulu, Sydney Chandler, Timothy Olyphant, Kit Young, David Rysdahl, Babou Ceesay, Jonathan Ajayi, Erana James, Lily Newmark, Di√™m Camille, Adrian Edmondson, alien invasion, trailer",D:\Projects\video_downloader\Downloads\AlienÔºö Earth ÔΩú Official Trailer ÔΩú FX.mp4,,Andrey,,–ù–µ—Ç,
mp4,2025-08-16 10:46:27,YouTube,https://www.youtube.com/watch?v=3gCvRrF5SA4,"–¢–∞—Ç—å—è–Ω–∞ –ö—É—Ä—Ç—É–∫–æ–≤–∞ - –ú–∞—Ç—É—à–∫–∞ –ó–µ–º–ª—è, –±–µ–ª–∞—è –±–µ—Ä—ë–∑–æ–Ω—å–∫–∞","—Ç–∞—Ç—å—è–Ω–∞ –∫—É—Ä—Ç—É–∫–æ–≤–∞, –∫–æ—Ä—Ç—É–∫–æ–≤–∞, –∫–æ—Ä—Ç—É–Ω–∫–æ–≤–∞, –∫–æ—Ä—Ç—É–Ω–æ–≤–∞, –∫—É—Ä—Ç—É–Ω–æ–≤–∞, –º–∞—Ç—É—à–∫–∞ –∑–µ–º–ª—è, –±–µ–ª–∞—è –±–µ—Ä—ë–∑–æ–Ω—å–∫–∞, –∫—É—Ä—Ç—É–∫–æ–≤–∞ –º–∞—Ç—É—à–∫–∞","D:\Projects\video_downloader\Downloads\–¢–∞—Ç—å—è–Ω–∞ –ö—É—Ä—Ç—É–∫–æ–≤–∞ - –ú–∞—Ç—É—à–∫–∞ –ó–µ–º–ª—è, –±–µ–ª–∞—è –±–µ—Ä—ë–∑–æ–Ω—å–∫–∞.mp4",,Andrey,,–ù–µ—Ç,
mp3,2025-08-17 10:45:33,YouTube,https://www.youtube.com/watch?v=b43ntruOV98&list=PPSV,"170 BPM Running & Workout Mix | 90 Mins | 170 BPM Metronome | Workout motivation | Punk, Rock, EDM","running music, workout music, workout motivation, Îã¨Î¶¨Í∏∞ ÏùåÏïÖ, Ïö¥Îèô ÏùåÏïÖ, Ïö¥Îèô Î™®Ìã∞Î≤†Ïù¥ÏÖò, cadence running, cadense workout, ÏºÄÏù¥ÎçòÏä§ Îã¨Î¶¨Í∏∞, ÏºÄÏù¥ÎçòÏä§, running playlist, instrumental music, music for athletes, cycling music, cardio music, Ïú†ÏÇ∞ÏÜå ÏùåÏïÖ, Ïó∞Ï£ºÍ≥°, Îü¨ÎãùÏúºÏïÖ, Îã¨Î¶¨Í∏∞, Îõ∏ Îïå Îì£Îäî ÏùåÏïÖ, jogging, Ï°∞ÍπÖ ÏùåÏïÖ, jogging music, aerobic music, 170 Îü¨Îãù, rock workout, punk workout","D:\Projects\video_downloader\Downloads\170 BPM Running & Workout Mix ÔΩú 90 Mins ÔΩú 170 BPM Metronome ÔΩú Workout motivation ÔΩú Punk, Rock, EDM.mp3",,Andrey,,–ù–µ—Ç,
mp3,2025-08-17 10:49:05,YouTube,https://www.youtube.com/watch?v=6Uvhzz0uKiA,–ò—Ä–≤–∏–Ω –®–æ—É - –°–≤–∞–¥—å–±–∞ –¥—Ä—É–≥–∞ | –ù–∏–∫–∏—Ç–∞ –ö–æ—Ä–æ–ª—å | –õ—É—á—à–∏–µ –ê—É–¥–∏–æ–∫–Ω–∏–≥–∏ –û–Ω–ª–∞–π–Ω,"–ø—è—Ç–∏–¥–µ—Å—è—Ç–∏–ª–µ—Ç–Ω—è—è –∂–µ–Ω—â–∏–Ω–∞, –º–æ—ç–º –ø—è—Ç–∏–¥–µ—Å—è—Ç–∏–ª–µ—Ç–Ω—è—è –∂–µ–Ω—â–∏–Ω–∞, —Å–æ–º–µ—Ä—Å–µ—Ç –º–æ–µ–º —Å–ª—É—à–∞—Ç—å, –ø—è—Ç–∏–¥–µ—Å—è—Ç–∏–ª–µ—Ç–Ω—è—è –∂–µ–Ω—â–∏–Ω–∞ –∞—É–¥–∏–æ–∫–Ω–∏–≥–∞, —Å–æ–º–µ—Ä—Å–µ—Ç –º–æ—ç–º, –ú–æ—ç–º, –ó–∞–≤—Ç—Ä–∞–∫, —Ä–∞—Å—Å–∫–∞–∑, —Ä–∞—Å—Å–∫–∞–∑—ã –º–æ—ç–º–∞, –í–ª–∞–¥–∏–º–∏—Ä –ê–Ω—Ç–æ–Ω–∏–∫, –∞—É–¥–∏–æ–∫–Ω–∏–≥–∞, –ª–∏—Ç–µ—Ä–∞—Ç—É—Ä–∞, –∞—É–¥–∏–æ–∫–Ω–∏–≥–∏, —á–∏—Ç–∞—Ç—å –º–æ—ç–º–∞, –º–æ—ç–º —Ä–∞—Å—Å–∫–∞–∑, —Ä–∞—Å—Å–∫–∞–∑ –º–æ—ç–º–∞, —Å–æ–º–µ—Ä—Å–µ—Ç –º–æ—ç–º –∞—É–¥–∏–æ–∫–Ω–∏–≥–∏, –∞—É–¥–∏–æ–∫–Ω–∏–≥–∏ —Å–æ–º–µ—Ä—Å–µ—Ç –º–æ—ç–º, —É–∏–ª—å—è–º —Å–æ–º–µ—Ä—Å–µ—Ç –º–æ—ç–º, –º–æ—ç–º –∞—É–¥–∏–æ–∫–Ω–∏–≥–∞, —Å–æ–º–µ—Ä—Å–µ—Ç –º–æ—ç–º –∞—É–¥–∏–æ–∫–Ω–∏–≥–∞, –Ω–∏–∫–∏—Ç–∞ –∫–æ—Ä–æ–ª—å, –ª—É—á—à–∏–µ –∞—É–¥–∏–æ–∫–Ω–∏–≥–∏, –Ω–∏–∫–∏—Ç–∞ –∫–æ—Ä–æ–ª—å –∞—É–¥–∏–æ–∫–Ω–∏–≥–∏, –æ –≥–µ–Ω—Ä–∏, –æ –≥–µ–Ω—Ä–∏ –∞—É–¥–∏–æ–∫–Ω–∏–≥–∞, —Å–æ–Ω –º–æ—ç–º",D:\Projects\video_downloader\Downloads\–ò—Ä–≤–∏–Ω –®–æ—É - –°–≤–∞–¥—å–±–∞ –¥—Ä—É–≥–∞ ÔΩú –ù–∏–∫–∏—Ç–∞ –ö–æ—Ä–æ–ª—å ÔΩú –õ—É—á—à–∏–µ –ê—É–¥–∏–æ–∫–Ω–∏–≥–∏ –û–Ω–ª–∞–π–Ω.mp3,,Andrey,,–ù–µ—Ç,
mp4,2025-08-17 11:02:59,YouTube,https://www.youtube.com/watch?v=yBnCo2SKafU,SILENZIUM The battle goes on (–ò –≤–Ω–æ–≤—å –ø—Ä–æ–¥–æ–ª–∂–∞–µ—Ç—Å—è –±–æ–π) [Official Video],"–Ω–µ–±–∞ —É—Ç—Ä–µ–Ω–Ω–µ–≥–æ —Å—Ç—è–≥, —Å—Å—Å—Ä, —Å–æ–≤–µ—Ç—Å–∫–∏–µ –ø–µ—Å–Ω–∏, –Ω–æ–≤–æ—Å–∏–±–∏—Ä—Å–∫, —Å–∫—Ä–∏–ø–∫–∏, —Å–∫—Ä–∏–ø–∞—á–∫–∏, violin, electric violin, cello, –Ω–æ–≤–æ—Å–∏–±–∏—Ä—Å–∫–∏–π –∫–ª–∏–ø, –∏ –ª–µ–Ω–∏–Ω —Ç–∞–∫–æ–π –º–æ–ª–æ–¥–æ–π, –ø–∏–æ–Ω–µ—Ä—ã, –∏ –≤–Ω–æ–≤—å –ø—Ä–æ–¥–æ–∂–∞–µ—Ç—Å—è –±–æ–π, –ø–µ—Å–Ω–∏ —Å—Å—Å—Ä",D:\Projects\video_downloader\Downloads\SILENZIUM The battle goes on (–ò –≤–Ω–æ–≤—å –ø—Ä–æ–¥–æ–ª–∂–∞–µ—Ç—Å—è –±–æ–π) [Official Video].mp4,,Andrey,,–ù–µ—Ç,
mp4,2025-08-18 10:52:42,YouTube,https://www.youtube.com/watch?v=LNtLziy08MU,–ú–æ–π –æ–ø—ã—Ç –ª–µ—á–µ–Ω–∏—è –≤ –ø—Å–∏—Ö–∏–∞—Ç—Ä–∏—á–µ—Å–∫–æ–π –±–æ–ª—å–Ω–∏—Ü–µ,"–ò—Å—Ç–æ—Ä–∏–∏ –∏–∑ –ø—Å–∏—Ö–±–æ–ª—å–Ω–∏—Ü—ã, –ü—Å–∏—Ö–±–æ–ª—å–Ω–∏—Ü–∞, –ø—Å–∏—Ö–∏–∞—Ç—Ä–∏—á–µ—Å–∫–∞—è –±–æ–ª—å–Ω–∏—Ü–∞, –õ—ë–≥–∫–æ–µ –æ—Ç–¥–µ–ª–µ–Ω–∏–µ –ø—Å–∏—Ö–±–æ–ª—å–Ω–∏—Ü—ã, –û–ø—ã—Ç –ü—Å–∏—Ö–±–æ–ª—å–Ω–∏—Ü—ã, –ü–æ–±—ã–≤–∞–ª –≤ –ø—Å–∏—Ö–±–æ–ª—å–Ω–∏—Ü–µ, –ü—Ä–æ –ø—Å–∏—Ö–±–æ–ª—å–Ω–∏—Ü—ã, –ë–æ–ª—å–Ω–∏—Ü–∞, –†–µ–π–∑–∏, Reyzi, –ê–Ω–∏–º–∞—Ü–∏—è, –°—Ç–æ—Ä–∏—Ç–∞–π–º, –ü—Ä–æ –ø—Å–∏—Ö–±–æ–ª—å–Ω–∏—Ü—É, –ü—Å–∏—Ö–±–æ–ª—å–Ω–∏—Ü—ã –≤ –†–æ—Å—Å–∏–∏, –ò—Å—Ç–æ—Ä–∏–∏ –∏–∑ –∂–∏–∑–Ω–∏",D:\Projects\video_downloader\Downloads\–ú–æ–π –æ–ø—ã—Ç –ª–µ—á–µ–Ω–∏—è –≤ –ø—Å–∏—Ö–∏–∞—Ç—Ä–∏—á–µ—Å–∫–æ–π –±–æ–ª—å–Ω–∏—Ü–µ.mp4,,Andrey,,–ù–µ—Ç,
mp4,2025-08-18 14:43:17,YouTube,https://www.youtube.com/watch?v=w5g1Dqea58M,Electro House 2025 Alan Walker Mix üé∂ Shuffle Dance Special üé∂ Remixes Of Popular Songs August 14 2025,–ù–µ—Ç —Ç–µ–≥–æ–≤,D:\Projects\video_downloader\Downloads\Electro House 2025 Alan Walker Mix üé∂ Shuffle Dance Special üé∂ Remixes Of Popular Songs August 14 2025.mp4,,Andrey,,–ù–µ—Ç,
mp4,2025-08-18 14:49:08,YouTube,https://www.youtube.com/watch?v=xfbizAlcJ14,"Electro House 2025 Dj Remix üé∂ Shuffle Dance Special üé∂ Best Remixes Of Popular Songs August 9, 2025",–ù–µ—Ç —Ç–µ–≥–æ–≤,"D:\Projects\video_downloader\Downloads\Electro House 2025 Dj Remix üé∂ Shuffle Dance Special üé∂ Best Remixes Of Popular Songs August 9, 2025.mp4",,Andrey,,–ù–µ—Ç,
mp4,2025-08-18 14:53:24,YouTube,https://www.youtube.com/watch?v=DFLOClGVG3k,"Electro House 2025 Alan Walker Mix üé∂ Shuffle Dance Special üé∂ Remixes Of Popular Songs August 5, 2025",–ù–µ—Ç —Ç–µ–≥–æ–≤,"D:\Projects\video_downloader\Downloads\Electro House 2025 Alan Walker Mix üé∂ Shuffle Dance Special üé∂ Remixes Of Popular Songs August 5, 2025.mp4",,Andrey,,–ù–µ—Ç,
mp4,2025-08-18 14:56:11,YouTube,https://www.youtube.com/watch?v=lzoRwEumF3w,"Electro House 2025 Dj Remix üé∂ Shuffle Dance Special üé∂ Best Remixes Of Popular Songs August 2, 2025",–ù–µ—Ç —Ç–µ–≥–æ–≤,"D:\Projects\video_downloader\Downloads\Electro House 2025 Dj Remix üé∂ Shuffle Dance Special üé∂ Best Remixes Of Popular Songs August 2, 2025.mp4",,Andrey,,–ù–µ—Ç,
mp4,2025-08-18 15:08:38,YouTube,https://www.youtube.com/watch?v=4ygoEaNVdu4,"Electro House 2025 Dj Remix üé∂ Shuffle Dance Special üé∂ Best Remixes Of Popular Songs July 31, 2025",–ù–µ—Ç —Ç–µ–≥–æ–≤,"D:\Projects\video_downloader\Downloads\Electro House 2025 Dj Remix üé∂ Shuffle Dance Special üé∂ Best Remixes Of Popular Songs July 31, 2025.mp4",,Andrey,,–ù–µ—Ç,
mp4,2025-08-18 15:15:02,YouTube,https://www.youtube.com/watch?v=NXkdqdmJiz0,"Best of EDM Party Electro House ‚ô´ Shuffle Dance Special - Party Club Dance July 24, 2025",–ù–µ—Ç —Ç–µ–≥–æ–≤,"D:\Projects\video_downloader\Downloads\Best of EDM Party Electro House ‚ô´ Shuffle Dance Special - Party Club Dance July 24, 2025.mp4",,Andrey,,–ù–µ—Ç,
mp4,2025-08-18 15:18:32,YouTube,https://www.youtube.com/watch?v=a-cu7Ihy6gE,"Best of EDM Party Electro House ‚ô´ Shuffle Dance Special - Party Club Dance July 19, 2025",–ù–µ—Ç —Ç–µ–≥–æ–≤,"D:\Projects\video_downloader\Downloads\Best of EDM Party Electro House ‚ô´ Shuffle Dance Special - Party Club Dance July 19, 2025.mp4",,Andrey,,–ù–µ—Ç,
mp4,2025-08-18 15:18:55,YouTube,https://www.youtube.com/watch?v=a-cu7Ihy6gE,"Best of EDM Party Electro House ‚ô´ Shuffle Dance Special - Party Club Dance July 19, 2025",–ù–µ—Ç —Ç–µ–≥–æ–≤,"D:\Projects\video_downloader\Downloads\Best of EDM Party Electro House ‚ô´ Shuffle Dance Special - Party Club Dance July 19, 2025.mp4",,Andrey,,–ù–µ—Ç,
mp4,2025-08-18 15:22:54,YouTube,https://www.youtube.com/watch?v=YXAnhnNH-AI,"Best of EDM Party Electro House ‚ô´ Shuffle Dance Special - Party Club Dance July 10, 2025",–ù–µ—Ç —Ç–µ–≥–æ–≤,"D:\Projects\video_downloader\Downloads\Best of EDM Party Electro House ‚ô´ Shuffle Dance Special - Party Club Dance July 10, 2025.mp4",,Andrey,,–ù–µ—Ç,
mp4,2025-08-18 15:25:30,YouTube,https://www.youtube.com/watch?v=ZEp07pfJZUY,Best of EDM Party Electro House ‚ô´ Shuffle Dance Special | Party Club Dance 2025,–ù–µ—Ç —Ç–µ–≥–æ–≤,D:\Projects\video_downloader\Downloads\Best of EDM Party Electro House ‚ô´ Shuffle Dance Special ÔΩú Party Club Dance 2025.mp4,,Andrey,,–ù–µ—Ç,
mp4,2025-08-18 15:26:47,YouTube,https://www.youtube.com/watch?v=3NCBf1h3SD0,Best Of EDM Party Electro House 2025 - Shuffle Compilation üé∂ Best Remixes Of Popular Songs,–ù–µ—Ç —Ç–µ–≥–æ–≤,D:\Projects\video_downloader\Downloads\Best Of EDM Party Electro House 2025 - Shuffle Compilation üé∂ Best Remixes Of Popular Songs.mp4,,Andrey,,–ù–µ—Ç,
mp4,2025-08-18 15:30:42,YouTube,https://www.youtube.com/watch?v=sFZhmBDBccE,Best of EDM Party 2025 Electro House Remixes Of Popular Songs - Shuffle Dance Special 16,–ù–µ—Ç —Ç–µ–≥–æ–≤,D:\Projects\video_downloader\Downloads\Best of EDM Party 2025 Electro House Remixes Of Popular Songs - Shuffle Dance Special 16.mp4,,Andrey,,–ù–µ—Ç,
mp4,2025-08-18 15:31:31,YouTube,https://www.youtube.com/watch?v=J-HD2jPaP7k,Shuffle Dance Video ‚ô´ Boney M - Rasputin (Ser Twister Remix SN Studio Edit) ‚ô´,"Rasputin, shuffle dance, dance video, eurodance remix, SN Studio, remix, Boney M, Ser Twister, boney m remix",D:\Projects\video_downloader\Downloads\Shuffle Dance Video ‚ô´ Boney M - Rasputin (Ser Twister Remix SN Studio Edit) ‚ô´.mp4,,Andrey,,–ù–µ—Ç,
mp4,2025-08-21 15:38:30,YouTube,https://www.youtube.com/watch?v=mwjbULl3E8s,The Rock Orchestra - Bring Me To Life (Evanescence) ft. Erin Fox,–ù–µ—Ç —Ç–µ–≥–æ–≤,D:\Projects\video_downloader\Downloads\The Rock Orchestra - Bring Me To Life (Evanescence) ft. Erin Fox.mp4,,Andrey,,–ù–µ—Ç,
mp4,2025-08-21 15:52:44,YouTube,https://www.youtube.com/watch?v=0ir1qkPXPVM,Miley Cyrus - Prisoner (Official Video) ft. Dua Lipa,"miley cyrus dua lipa, dua lipa miley cyrus, miley dua, miley cyrus dua lipa prisoner, prisoner miley cyrus dua lipa, miley cyrus prisoner, dua lipa prisoner, miley dua collab, prisoner video, prisoner lyrics, miley prisoner lyrics, dua lipa prisoner lyrics, miley cyrus prisoner lyrics, miley cyrus prisoner music video, miley cyrus dua lipa prisoner video, dua lipa, prisoner miley cyrus, dua lipa levitating, prisoner, lyrics",D:\Projects\video_downloader\Downloads\Miley Cyrus - Prisoner (Official Video) ft. Dua Lipa.mp4,,Andrey,,–ù–µ—Ç,
mp4,2025-08-21 16:05:58,YouTube,https://www.youtube.com/watch?v=mwjbULl3E8s,The Rock Orchestra - Bring Me To Life (Evanescence) ft. Erin Fox,–ù–µ—Ç —Ç–µ–≥–æ–≤,D:\Projects\video_downloader\Downloads\The Rock Orchestra - Bring Me To Life (Evanescence) ft. Erin Fox.mp4,,Andrey,,–ù–µ—Ç,
mp4,2025-08-21 16:18:44,YouTube,https://www.youtube.com/watch?v=co-TFLbaZAE,‚ÄúGabriela‚Äù Performance Video | KATSEYE,–ù–µ—Ç —Ç–µ–≥–æ–≤,D:\Projects\video_downloader\Downloads\‚ÄúGabriela‚Äù Performance Video ÔΩú KATSEYE.mp4,,Andrey,,–ù–µ—Ç,
